{
  "currentRound":103,
  "maxRounds":600,
  "player":{
    "id":2,
    "position":{
      "y":3,
      "x":1197
    },
    "speed":9,
    "state":"USED_TWEET",
    "statesThatOccurredThisRound":[
      "USED_TWEET"
    ],
    "powerups":[
      "EMP",
      "EMP",
      "EMP",
      "EMP",
      "EMP",
      "EMP",
      "BOOST",
      "OIL",
      "OIL",
      "BOOST",
      "BOOST",
      "EMP",
      "EMP",
      "OIL",
      "OIL",
      "OIL",
      "EMP",
      "OIL",
      "LIZARD",
      "LIZARD",
      "EMP",
      "BOOST",
      "EMP",
      "BOOST",
      "TWEET",
      "TWEET",
      "EMP",
      "TWEET",
      "EMP",
      "LIZARD",
      "BOOST"
    ],
    "boosting":false,
    "boostCounter":0,
    "damage":0,
    "score":434
  },
  "opponent":{
    "id":1,
    "position":{
      "y":3,
      "x":676
    },
    "speed":9
  },
  "worldMap":[
    [
      {
        "position":{
          "y":1,
          "x":1192
        },
        "surfaceObject":0,
        "occupiedByPlayerId":0,
        "isOccupiedByCyberTruck":false
      },
      {
        "position":{
          "y":1,
          "x":1193
        },
        "surfaceObject":0,
        "occupiedByPlayerId":0,
        "isOccupiedByCyberTruck":false
      },
      {
        "position":{
          "y":1,
          "x":1194
        },
        "surfaceObject":0,
        "occupiedByPlayerId":0,
        "isOccupiedByCyberTruck":false
      },
      {
        "position":{
          "y":1,
          "x":1195
        },
        "surfaceObject":0,
        "occupiedByPlayerId":0,
        "isOccupiedByCyberTruck":false
      },
      {
        "position":{
          "y":1,
          "x":1196
        },
        "surfaceObject":0,
        "occupiedByPlayerId":0,
        "isOccupiedByCyberTruck":false
      },
      {
        "position":{
          "y":1,
          "x":1197
        },
        "surfaceObject":0,
        "occupiedByPlayerId":0,
        "isOccupiedByCyberTruck":false
      },
      {
        "position":{
          "y":1,
          "x":1198
        },
        "surfaceObject":0,
        "occupiedByPlayerId":0,
        "isOccupiedByCyberTruck":false
      },
      {
        "position":{
          "y":1,
          "x":1199
        },
        "surfaceObject":0,
        "occupiedByPlayerId":0,
        "isOccupiedByCyberTruck":false
      },
      {
        "position":{
          "y":1,
          "x":1200
        },
        "surfaceObject":0,
        "occupiedByPlayerId":0,
        "isOccupiedByCyberTruck":false
      },
      {
        "position":{
          "y":1,
          "x":1201
        },
        "surfaceObject":0,
        "occupiedByPlayerId":0,
        "isOccupiedByCyberTruck":false
      },
      {
        "position":{
          "y":1,
          "x":1202
        },
        "surfaceObject":0,
        "occupiedByPlayerId":0,
        "isOccupiedByCyberTruck":false
      },
      {
        "position":{
          "y":1,
          "x":1203
        },
        "surfaceObject":0,
        "occupiedByPlayerId":0,
        "isOccupiedByCyberTruck":false
      },
      {
        "position":{
          "y":1,
          "x":1204
        },
        "surfaceObject":0,
        "occupiedByPlayerId":0,
        "isOccupiedByCyberTruck":false
      },
      {
        "position":{
          "y":1,
          "x":1205
        },
        "surfaceObject":0,
        "occupiedByPlayerId":0,
        "isOccupiedByCyberTruck":false
      },
      {
        "position":{
          "y":1,
          "x":1206
        },
        "surfaceObject":0,
        "occupiedByPlayerId":0,
        "isOccupiedByCyberTruck":false
      },
      {
        "position":{
          "y":1,
          "x":1207
        },
        "surfaceObject":0,
        "occupiedByPlayerId":0,
        "isOccupiedByCyberTruck":false
      },
      {
        "position":{
          "y":1,
          "x":1208
        },
        "surfaceObject":0,
        "occupiedByPlayerId":0,
        "isOccupiedByCyberTruck":false
      },
      {
        "position":{
          "y":1,
          "x":1209
        },
        "surfaceObject":0,
        "occupiedByPlayerId":0,
        "isOccupiedByCyberTruck":false
      },
      {
        "position":{
          "y":1,
          "x":1210
        },
        "surfaceObject":0,
        "occupiedByPlayerId":0,
        "isOccupiedByCyberTruck":false
      },
      {
        "position":{
          "y":1,
          "x":1211
        },
        "surfaceObject":0,
        "occupiedByPlayerId":0,
        "isOccupiedByCyberTruck":false
      },
      {
        "position":{
          "y":1,
          "x":1212
        },
        "surfaceObject":0,
        "occupiedByPlayerId":0,
        "isOccupiedByCyberTruck":false
      },
      {
        "position":{
          "y":1,
          "x":1213
        },
        "surfaceObject":0,
        "occupiedByPlayerId":0,
        "isOccupiedByCyberTruck":false
      },
      {
        "position":{
          "y":1,
          "x":1214
        },
        "surfaceObject":0,
        "occupiedByPlayerId":0,
        "isOccupiedByCyberTruck":false
      },
      {
        "position":{
          "y":1,
          "x":1215
        },
        "surfaceObject":0,
        "occupiedByPlayerId":0,
        "isOccupiedByCyberTruck":false
      },
      {
        "position":{
          "y":1,
          "x":1216
        },
        "surfaceObject":3,
        "occupiedByPlayerId":0,
        "isOccupiedByCyberTruck":false
      },
      {
        "position":{
          "y":1,
          "x":1217
        },
        "surfaceObject":0,
        "occupiedByPlayerId":0,
        "isOccupiedByCyberTruck":false
      }
    ],
    [
      {
        "position":{
          "y":2,
          "x":1192
        },
        "surfaceObject":0,
        "occupiedByPlayerId":0,
        "isOccupiedByCyberTruck":false
      },
      {
        "position":{
          "y":2,
          "x":1193
        },
        "surfaceObject":0,
        "occupiedByPlayerId":0,
        "isOccupiedByCyberTruck":false
      },
      {
        "position":{
          "y":2,
          "x":1194
        },
        "surfaceObject":0,
        "occupiedByPlayerId":0,
        "isOccupiedByCyberTruck":false
      },
      {
        "position":{
          "y":2,
          "x":1195
        },
        "surfaceObject":0,
        "occupiedByPlayerId":0,
        "isOccupiedByCyberTruck":false
      },
      {
        "position":{
          "y":2,
          "x":1196
        },
        "surfaceObject":0,
        "occupiedByPlayerId":0,
        "isOccupiedByCyberTruck":false
      },
      {
        "position":{
          "y":2,
          "x":1197
        },
        "surfaceObject":0,
        "occupiedByPlayerId":0,
        "isOccupiedByCyberTruck":false
      },
      {
        "position":{
          "y":2,
          "x":1198
        },
        "surfaceObject":0,
        "occupiedByPlayerId":0,
        "isOccupiedByCyberTruck":false
      },
      {
        "position":{
          "y":2,
          "x":1199
        },
        "surfaceObject":0,
        "occupiedByPlayerId":0,
        "isOccupiedByCyberTruck":false
      },
      {
        "position":{
          "y":2,
          "x":1200
        },
        "surfaceObject":0,
        "occupiedByPlayerId":0,
        "isOccupiedByCyberTruck":false
      },
      {
        "position":{
          "y":2,
          "x":1201
        },
        "surfaceObject":0,
        "occupiedByPlayerId":0,
        "isOccupiedByCyberTruck":false
      },
      {
        "position":{
          "y":2,
          "x":1202
        },
        "surfaceObject":1,
        "occupiedByPlayerId":0,
        "isOccupiedByCyberTruck":false
      },
      {
        "position":{
          "y":2,
          "x":1203
        },
        "surfaceObject":0,
        "occupiedByPlayerId":0,
        "isOccupiedByCyberTruck":false
      },
      {
        "position":{
          "y":2,
          "x":1204
        },
        "surfaceObject":9,
        "occupiedByPlayerId":0,
        "isOccupiedByCyberTruck":false
      },
      {
        "position":{
          "y":2,
          "x":1205
        },
        "surfaceObject":0,
        "occupiedByPlayerId":0,
        "isOccupiedByCyberTruck":false
      },
      {
        "position":{
          "y":2,
          "x":1206
        },
        "surfaceObject":0,
        "occupiedByPlayerId":0,
        "isOccupiedByCyberTruck":false
      },
      {
        "position":{
          "y":2,
          "x":1207
        },
        "surfaceObject":0,
        "occupiedByPlayerId":0,
        "isOccupiedByCyberTruck":false
      },
      {
        "position":{
          "y":2,
          "x":1208
        },
        "surfaceObject":0,
        "occupiedByPlayerId":0,
        "isOccupiedByCyberTruck":false
      },
      {
        "position":{
          "y":2,
          "x":1209
        },
        "surfaceObject":0,
        "occupiedByPlayerId":0,
        "isOccupiedByCyberTruck":false
      },
      {
        "position":{
          "y":2,
          "x":1210
        },
        "surfaceObject":0,
        "occupiedByPlayerId":0,
        "isOccupiedByCyberTruck":false
      },
      {
        "position":{
          "y":2,
          "x":1211
        },
        "surfaceObject":0,
        "occupiedByPlayerId":0,
        "isOccupiedByCyberTruck":false
      },
      {
        "position":{
          "y":2,
          "x":1212
        },
        "surfaceObject":0,
        "occupiedByPlayerId":0,
        "isOccupiedByCyberTruck":false
      },
      {
        "position":{
          "y":2,
          "x":1213
        },
        "surfaceObject":0,
        "occupiedByPlayerId":0,
        "isOccupiedByCyberTruck":false
      },
      {
        "position":{
          "y":2,
          "x":1214
        },
        "surfaceObject":0,
        "occupiedByPlayerId":0,
        "isOccupiedByCyberTruck":false
      },
      {
        "position":{
          "y":2,
          "x":1215
        },
        "surfaceObject":0,
        "occupiedByPlayerId":0,
        "isOccupiedByCyberTruck":false
      },
      {
        "position":{
          "y":2,
          "x":1216
        },
        "surfaceObject":0,
        "occupiedByPlayerId":0,
        "isOccupiedByCyberTruck":false
      },
      {
        "position":{
          "y":2,
          "x":1217
        },
        "surfaceObject":0,
        "occupiedByPlayerId":0,
        "isOccupiedByCyberTruck":false
      }
    ],
    [
      {
        "position":{
          "y":3,
          "x":1192
        },
        "surfaceObject":0,
        "occupiedByPlayerId":0,
        "isOccupiedByCyberTruck":false
      },
      {
        "position":{
          "y":3,
          "x":1193
        },
        "surfaceObject":5,
        "occupiedByPlayerId":0,
        "isOccupiedByCyberTruck":false
      },
      {
        "position":{
          "y":3,
          "x":1194
        },
        "surfaceObject":0,
        "occupiedByPlayerId":0,
        "isOccupiedByCyberTruck":false
      },
      {
        "position":{
          "y":3,
          "x":1195
        },
        "surfaceObject":0,
        "occupiedByPlayerId":0,
        "isOccupiedByCyberTruck":false
      },
      {
        "position":{
          "y":3,
          "x":1196
        },
        "surfaceObject":0,
        "occupiedByPlayerId":0,
        "isOccupiedByCyberTruck":false
      },
      {
        "position":{
          "y":3,
          "x":1197
        },
        "surfaceObject":0,
        "occupiedByPlayerId":2,
        "isOccupiedByCyberTruck":false
      },
      {
        "position":{
          "y":3,
          "x":1198
        },
        "surfaceObject":0,
        "occupiedByPlayerId":0,
        "isOccupiedByCyberTruck":false
      },
      {
        "position":{
          "y":3,
          "x":1199
        },
        "surfaceObject":0,
        "occupiedByPlayerId":0,
        "isOccupiedByCyberTruck":false
      },
      {
        "position":{
          "y":3,
          "x":1200
        },
        "surfaceObject":0,
        "occupiedByPlayerId":0,
        "isOccupiedByCyberTruck":false
      },
      {
        "position":{
          "y":3,
          "x":1201
        },
        "surfaceObject":1,
        "occupiedByPlayerId":0,
        "isOccupiedByCyberTruck":false
      },
      {
        "position":{
          "y":3,
          "x":1202
        },
        "surfaceObject":0,
        "occupiedByPlayerId":0,
        "isOccupiedByCyberTruck":false
      },
      {
        "position":{
          "y":3,
          "x":1203
        },
        "surfaceObject":0,
        "occupiedByPlayerId":0,
        "isOccupiedByCyberTruck":false
      },
      {
        "position":{
          "y":3,
          "x":1204
        },
        "surfaceObject":1,
        "occupiedByPlayerId":0,
        "isOccupiedByCyberTruck":false
      },
      {
        "position":{
          "y":3,
          "x":1205
        },
        "surfaceObject":1,
        "occupiedByPlayerId":0,
        "isOccupiedByCyberTruck":false
      },
      {
        "position":{
          "y":3,
          "x":1206
        },
        "surfaceObject":0,
        "occupiedByPlayerId":0,
        "isOccupiedByCyberTruck":false
      },
      {
        "position":{
          "y":3,
          "x":1207
        },
        "surfaceObject":0,
        "occupiedByPlayerId":0,
        "isOccupiedByCyberTruck":false
      },
      {
        "position":{
          "y":3,
          "x":1208
        },
        "surfaceObject":0,
        "occupiedByPlayerId":0,
        "isOccupiedByCyberTruck":false
      },
      {
        "position":{
          "y":3,
          "x":1209
        },
        "surfaceObject":0,
        "occupiedByPlayerId":0,
        "isOccupiedByCyberTruck":false
      },
      {
        "position":{
          "y":3,
          "x":1210
        },
        "surfaceObject":0,
        "occupiedByPlayerId":0,
        "isOccupiedByCyberTruck":false
      },
      {
        "position":{
          "y":3,
          "x":1211
        },
        "surfaceObject":0,
        "occupiedByPlayerId":0,
        "isOccupiedByCyberTruck":false
      },
      {
        "position":{
          "y":3,
          "x":1212
        },
        "surfaceObject":0,
        "occupiedByPlayerId":0,
        "isOccupiedByCyberTruck":false
      },
      {
        "position":{
          "y":3,
          "x":1213
        },
        "surfaceObject":0,
        "occupiedByPlayerId":0,
        "isOccupiedByCyberTruck":false
      },
      {
        "position":{
          "y":3,
          "x":1214
        },
        "surfaceObject":0,
        "occupiedByPlayerId":0,
        "isOccupiedByCyberTruck":false
      },
      {
        "position":{
          "y":3,
          "x":1215
        },
        "surfaceObject":0,
        "occupiedByPlayerId":0,
        "isOccupiedByCyberTruck":false
      },
      {
        "position":{
          "y":3,
          "x":1216
        },
        "surfaceObject":1,
        "occupiedByPlayerId":0,
        "isOccupiedByCyberTruck":false
      },
      {
        "position":{
          "y":3,
          "x":1217
        },
        "surfaceObject":0,
        "occupiedByPlayerId":0,
        "isOccupiedByCyberTruck":false
      }
    ],
    [
      {
        "position":{
          "y":4,
          "x":1192
        },
        "surfaceObject":1,
        "occupiedByPlayerId":0,
        "isOccupiedByCyberTruck":false
      },
      {
        "position":{
          "y":4,
          "x":1193
        },
        "surfaceObject":0,
        "occupiedByPlayerId":0,
        "isOccupiedByCyberTruck":false
      },
      {
        "position":{
          "y":4,
          "x":1194
        },
        "surfaceObject":0,
        "occupiedByPlayerId":0,
        "isOccupiedByCyberTruck":false
      },
      {
        "position":{
          "y":4,
          "x":1195
        },
        "surfaceObject":0,
        "occupiedByPlayerId":0,
        "isOccupiedByCyberTruck":false
      },
      {
        "position":{
          "y":4,
          "x":1196
        },
        "surfaceObject":0,
        "occupiedByPlayerId":0,
        "isOccupiedByCyberTruck":false
      },
      {
        "position":{
          "y":4,
          "x":1197
        },
        "surfaceObject":0,
        "occupiedByPlayerId":0,
        "isOccupiedByCyberTruck":false
      },
      {
        "position":{
          "y":4,
          "x":1198
        },
        "surfaceObject":0,
        "occupiedByPlayerId":0,
        "isOccupiedByCyberTruck":false
      },
      {
        "position":{
          "y":4,
          "x":1199
        },
        "surfaceObject":0,
        "occupiedByPlayerId":0,
        "isOccupiedByCyberTruck":false
      },
      {
        "position":{
          "y":4,
          "x":1200
        },
        "surfaceObject":0,
        "occupiedByPlayerId":0,
        "isOccupiedByCyberTruck":false
      },
      {
        "position":{
          "y":4,
          "x":1201
        },
        "surfaceObject":1,
        "occupiedByPlayerId":0,
        "isOccupiedByCyberTruck":false
      },
      {
        "position":{
          "y":4,
          "x":1202
        },
        "surfaceObject":0,
        "occupiedByPlayerId":0,
        "isOccupiedByCyberTruck":false
      },
      {
        "position":{
          "y":4,
          "x":1203
        },
        "surfaceObject":0,
        "occupiedByPlayerId":0,
        "isOccupiedByCyberTruck":false
      },
      {
        "position":{
          "y":4,
          "x":1204
        },
        "surfaceObject":1,
        "occupiedByPlayerId":0,
        "isOccupiedByCyberTruck":false
      },
      {
        "position":{
          "y":4,
          "x":1205
        },
        "surfaceObject":0,
        "occupiedByPlayerId":0,
        "isOccupiedByCyberTruck":false
      },
      {
        "position":{
          "y":4,
          "x":1206
        },
        "surfaceObject":0,
        "occupiedByPlayerId":0,
        "isOccupiedByCyberTruck":false
      },
      {
        "position":{
          "y":4,
          "x":1207
        },
        "surfaceObject":5,
        "occupiedByPlayerId":0,
        "isOccupiedByCyberTruck":false
      },
      {
        "position":{
          "y":4,
          "x":1208
        },
        "surfaceObject":0,
        "occupiedByPlayerId":0,
        "isOccupiedByCyberTruck":false
      },
      {
        "position":{
          "y":4,
          "x":1209
        },
        "surfaceObject":0,
        "occupiedByPlayerId":0,
        "isOccupiedByCyberTruck":false
      },
      {
        "position":{
          "y":4,
          "x":1210
        },
        "surfaceObject":0,
        "occupiedByPlayerId":0,
        "isOccupiedByCyberTruck":false
      },
      {
        "position":{
          "y":4,
          "x":1211
        },
        "surfaceObject":0,
        "occupiedByPlayerId":0,
        "isOccupiedByCyberTruck":false
      },
      {
        "position":{
          "y":4,
          "x":1212
        },
        "surfaceObject":0,
        "occupiedByPlayerId":0,
        "isOccupiedByCyberTruck":false
      },
      {
        "position":{
          "y":4,
          "x":1213
        },
        "surfaceObject":0,
        "occupiedByPlayerId":0,
        "isOccupiedByCyberTruck":false
      },
      {
        "position":{
          "y":4,
          "x":1214
        },
        "surfaceObject":0,
        "occupiedByPlayerId":0,
        "isOccupiedByCyberTruck":false
      },
      {
        "position":{
          "y":4,
          "x":1215
        },
        "surfaceObject":0,
        "occupiedByPlayerId":0,
        "isOccupiedByCyberTruck":false
      },
      {
        "position":{
          "y":4,
          "x":1216
        },
        "surfaceObject":0,
        "occupiedByPlayerId":0,
        "isOccupiedByCyberTruck":false
      },
      {
        "position":{
          "y":4,
          "x":1217
        },
        "surfaceObject":0,
        "occupiedByPlayerId":0,
        "isOccupiedByCyberTruck":false
      }
    ]
  ]
}